GPE,Latitude,Longitude
Te Mania,-41.3324394,173.1606394
Nz)·Spect,-40.900557,174.885971
New Zealand,-40.900557,174.885971
Lava Street,-38.3817814,142.4849584
South West Healthcare,-38.3801373,142.473434
Central Warrnambool,-38.3720954,142.4777782
South Warrnambool,-38.3720954,142.4777782
Hotel Warrnambool,-38.3720954,142.4777782
East Warrnambool,-38.3720954,142.4777782
Koroit,-38.2921758,142.3673185
Terang Mortlake 9,-38.2404416,142.9108851
Geelong,-38.1492994,144.3598426
Corangamite Shire,-38.1491105,143.1319209
Kolora,-38.1380254,142.9259307
Beach Oval,-37.9455911,145.0007827
South Melbourne,-37.83434430000001,144.9559035
Parkville,-37.7787036,144.9426083
Glenthompson,-37.63677759999999,142.5477626
Ballarat,-37.5621587,143.8502556
Lake Wendouree,-37.5528276,143.8332407
Pigeon Ponds,-37.2979115,141.6709392
Kyneton,-37.2490932,144.4532075
Bendigo,-36.75961960000001,144.2785764
Kangaroo Island,-35.7752426,137.2142417
Scott Creek,-35.0565609,138.7080325
Adelaide Hills,-34.9062557,138.8397403
Port Adelaide,-34.8442994,138.505369
Berry,-34.7757734,150.6988896
Clare Valley,-33.8335699,138.61
Manly Beach,-33.7931501,151.2876488
Broken Hill,-31.9595859,141.4608138
Howe Island,-31.5553263,159.0821211
New South Wales,-31.2532183,146.921099
South Australia,-30.0002315,136.2091547
Victoria Park,-27.4553219,153.0247254
Sunreef Mooloolaba,-26.6835329,153.122156
Mooloolaba Beach,-26.6809437,153.121665
Maroochydore Beach,-26.65447,153.1036287
Rainbow Beach,-25.9045007,153.0897222
Australia,-25.274398,133.775136
Hunters Australia,-25.274398,133.775136
Raung 58,-8.1258333,114.0458333
Papua New Guinea,-6.314992999999999,143.95555
Torokina,-6.2448035,155.0419034
Bougainville,-6.053602,155.1907309
New Guinea,-5.0122202,141.3470159
Singapore,1.352083,103.819836
L. Jersey,1.5252662,103.6610018
Colombia,4.570868,-74.297333
Costa Rica,9.748917,-83.753428
San Juan Del Sur,11.263406,-85.8639766
Nha Trang,12.2529152,109.1899018
Los Angeles.(Pg,12.9088834,74.9938573
Khartoum,15.5006544,32.5598994
Virgin Islands,18.3333333,-64.75
Us Virgin Islands,18.335765,-64.896335
India,20.593684,78.96288
Puerto Vallarta,20.653407,-105.2253316
Cuba,21.521757,-77.781167
Hong Kong,22.3193039,114.1693611
Mexico,23.634501,-102.552784
Bangladesh,23.684994,90.356331
Fort Lauderdale,26.1224386,-80.13731740000001
Palm Beach,26.7056206,-80.0364297
Bhutan,27.514162,90.433601
District Fl,27.6648274,-81.5157535
The Palm Springs,28.4472647,77.1007152
Houston,29.7604267,-95.3698028
New Orlean,29.95106579999999,-90.0715323
New Orleans,29.95106579999999,-90.0715323
New Ega,30.0505753,31.245891
Panama City,30.1588129,-85.6602058
Israel,31.046051,34.851612
West Bank,31.9465703,35.3027226
Mississippi,32.3546679,-89.3985283
Jo Drive,32.6291368,-96.8626703
San Diego,32.715738,-117.1610838
Phoenix,33.4483771,-112.0740373
Orange County,33.7174708,-117.8311428
Palm Desert,33.7210509,-116.3760455
Rancho Mirage,33.739744,-116.41279
Palm Springs City Hall,33.824045,-116.5114939
Palm Spring,33.8302961,-116.5452921
Palm Springs,33.8302961,-116.5452921
Palm Springs',33.8302961,-116.5452921
Afghanistan,33.93911,67.709953
La,34.0522342,-118.2436849
Los Angeles,34.0522342,-118.2436849
Hollywood,34.0928092,-118.3286614
Tupelo Beach,34.2576066,-88.7033859
Hiroshima,34.3852894,132.4553055
Arkansaw,35.20105,-91.8318334
Tokyo,35.6761919,139.6503106
Pleasant Park,35.7020037,-78.88552279999999
China,35.86166,104.195397
Las!,36.171563,-115.1391009
Las Vegas,36.171563,-115.1391009
Japan,36.204824,138.252924
California,36.778261,-119.4179324
Ne• Tum,36.8924433,15.0651945
East Beach,36.9275731,-76.1852736
America,37.09024,-95.712891
The United States,37.09024,-95.712891
San Francisco,37.7749295,-122.4194155
Kentucky,37.8393332,-84.2700179
St Louis',38.6270025,-90.1994042
Washington Dc,38.9071923,-77.0368707
Washington,38.9071923,-77.0368707
Old City,39.9500455,-75.1438117
Anchorage Beach,40.3673046,-73.9735742
Spain,40.46366700000001,-3.74922
Indiana,40.5512165,-85.60236429999999
New York,40.7127753,-74.0059728
Manhattan,40.7830603,-73.9712488
Montville,40.9148209,-74.383763
Bari,41.1171432,16.8718715
Pa,41.2033216,-77.1945247
St Kilda,41.573812,-93.7085556
Crescent City,41.7557501,-124.2025913
North Dighton,41.8644591,-71.13003379999999
Italy,41.87194,12.56738
Saint Minerva,41.8979888,12.4780226
Tower Hill,42.360568,-71.72748849999999
Htl'M'.9)Ma',42.4072107,-71.3824374
Malden,42.4250964,-71.066163
Oak Island,44.5122805,-64.2949465
Venice,45.4408474,12.3155151
Piazza Duomo,45.4641941,9.189698
France,46.227638,2.213749
Soll(S,46.3598939,11.241014
Thal.,47.078596,15.3552061
Hungary,47.162494,19.503304
Kazakh,48.019573,66.923684
Marysville,48.0517637,-122.1770818
Vienna,48.2081743,16.3738189
West Victoria,48.433684,-123.38718
Paris,48.856614,2.3522219
Jersey,49.2137711,-2.1357662
Dart­ Moor,50.5718857,-3.9206884
Lille,50.62925,3.057256
Germany,51.165691,10.451526
Penshurst,51.1727246,0.1824358
London,51.5072178,-0.1275862
South Wales,51.6858341,-3.3821421
Olmln L400,51.8670254,5.8721896
Ipswich,52.056736,1.14822
B.Barry 2,52.1277623,-8.2895635
England,52.3555177,-1.1743197
Birmingham,52.48624299999999,-1.890401
Derby,52.9225301,-1.4746186
Jubilee Park,53.1557403,-0.2215658
B.Jenkinson,53.6924621,-1.6311384
York,53.9614205,-1.0739108
Britain,55.378051,-3.435973
Moscow,55.755826,37.6173
Canada,56.130366,-106.346771
Kodiak,57.79000000000001,-152.4072222
